,Cen04,Cen17,Cen05,Cen06,Cen15,Cen07,Cen16,Cen10,Cen14,Cen13,Cen03,Cen12
OTU_0001,0.00582072176949942,0,0,0.000870322019147084,0,0,0,0,0,0,0,0
OTU_0002,0,0,0,0,0,0.00396039603960396,0.000530222693531283,0,0,0,0.000838222967309304,0
OTU_0003,0,0,0,0,0.00063653723742839,0,0.000265111346765642,0,0,0,0,0.0018357044515833
OTU_0004,0,0,0.00098135426889107,0,0,0.00198019801980198,0,0,0,0,0,0
OTU_0005,0,0.00514579759862779,0,0,0.00063653723742839,0,0,0,0,0,0,0
OTU_0006,0,0,0,0.00435161009573542,0.00063653723742839,0,0,0,0,0,0.000838222967309304,0
OTU_0007,0,0,0,0,0,0.00693069306930693,0,0,0,0,0.00167644593461861,0
OTU_0008,0,0,0,0.000870322019147084,0,0,0,0,0,0,0.00167644593461861,0
OTU_0009,0,0,0,0,0,0,0,0,0,0.00846702317290553,0,0
OTU_0010,0,0,0,0,0,0.00198019801980198,0.000265111346765642,0,0,0,0,0
OTU_0011,0,0,0,0,0,0,0,0,0,0.00846702317290553,0,0
OTU_0012,0,0,0,0,0,0.00297029702970297,0.000795334040296925,0,0,0,0.00251466890192791,0.000458926112895824
OTU_0013,0,0,0.0117762512266928,0,0,0,0,0,0,0,0,0
OTU_0014,0,0,0,0,0.00063653723742839,0,0.000530222693531283,0,0,0,0,0
OTU_0015,0,0.00171526586620926,0,0,0,0,0,0,0,0,0,0
OTU_0016,0,0,0.00588812561334642,0,0,0,0,0,0,0,0,0
OTU_0017,0.0128055878928987,0.00171526586620926,0,0,0,0,0,0,0,0,0.00251466890192791,0
OTU_0018,0,0,0,0,0,0.00099009900990099,0,0,0,0,0.000838222967309304,0
OTU_0019,0,0,0.00294406280667321,0,0,0.00099009900990099,0.000795334040296925,0.000338180588434224,0,0,0,0
OTU_0020,0,0,0,0.000870322019147084,0,0,0,0,0,0,0.00251466890192791,0
OTU_0021,0.00465657741559953,0,0,0,0,0,0,0,0,0,0.00167644593461861,0
OTU_0022,0,0,0.00098135426889107,0.00261096605744125,0,0,0,0,0,0,0,0
OTU_0023,0,0,0,0.00174064403829417,0,0,0,0,0,0,0.00167644593461861,0.000917852225791648
OTU_0024,0,0,0.00490677134445535,0,0,0.00099009900990099,0,0,0,0,0.00167644593461861,0
OTU_0025,0,0,0.00098135426889107,0,0,0.00099009900990099,0,0,0,0,0.000838222967309304,0
OTU_0026,0,0.00514579759862779,0,0,0,0,0,0,0,0,0.000838222967309304,0
OTU_0027,0,0,0,0,0,0,0,0.000676361176868448,0,0,0,0
OTU_0028,0,0,0.00392541707556428,0,0,0,0,0,0,0,0,0
OTU_0029,0,0,0,0,0,0,0.000795334040296925,0,0,0,0,0
OTU_0030,0,0,0,0,0,0,0,0,0,0,0.00167644593461861,0
OTU_0031,0,0,0,0,0,0,0.00291622481442206,0,0,0,0,0
OTU_0032,0,0,0.00392541707556428,0,0,0,0,0,0,0,0,0
OTU_0033,0.00349243306169965,0,0,0,0,0,0,0,0.000528820729772607,0,0,0
OTU_0034,0,0,0,0,0,0,0.00132555673382821,0,0,0,0.000838222967309304,0
OTU_0035,0,0.00514579759862779,0,0,0,0,0,0,0,0,0,0
OTU_0036,0,0,0.00098135426889107,0,0,0,0,0,0,0,0,0
OTU_0037,0,0,0.00392541707556428,0,0,0,0,0,0,0,0,0
OTU_0038,0.00349243306169965,0,0.00196270853778214,0.000870322019147084,0,0.00198019801980198,0.000265111346765642,0,0,0,0.00167644593461861,0
OTU_0039,0,0,0.00785083415112856,0,0,0,0,0,0,0,0,0
OTU_0040,0,0,0.00490677134445535,0.000870322019147084,0,0,0,0,0,0,0,0
OTU_0041,0,0,0,0.000870322019147084,0.00063653723742839,0.00297029702970297,0.00662778366914104,0,0,0,0,0
OTU_0042,0,0,0,0,0.00509229789942712,0,0.00477200424178155,0,0,0,0,0
OTU_0043,0.00116414435389988,0,0,0.000870322019147084,0,0,0,0,0,0,0,0
OTU_0044,0,0,0.00098135426889107,0,0,0,0,0,0,0,0.000838222967309304,0
OTU_0045,0,0,0.00490677134445535,0,0,0,0,0,0,0,0.00251466890192791,0
OTU_0046,0.0069848661233993,0,0.00098135426889107,0,0,0.00099009900990099,0,0,0,0,0.000838222967309304,0
OTU_0047,0,0.00171526586620926,0,0,0,0,0,0,0.00105764145954521,0,0,0
OTU_0048,0.00232828870779977,0,0,0,0,0,0,0,0,0,0,0
OTU_0049,0,0,0,0,0,0,0,0,0.000528820729772607,0,0,0
OTU_0050,0,0.00514579759862779,0,0.000870322019147084,0,0.00099009900990099,0,0,0,0,0.00419111483654652,0
OTU_0051,0,0,0,0,0,0,0.000265111346765642,0,0,0,0,0
OTU_0052,0,0,0,0,0,0,0.000265111346765642,0,0,0,0.000838222967309304,0
OTU_0053,0.00116414435389988,0,0.00196270853778214,0,0,0.00099009900990099,0,0,0,0,0,0
OTU_0054,0.00116414435389988,0.00686106346483705,0,0,0,0,0,0,0,0,0,0
OTU_0055,0,0,0,0,0,0,0.00106044538706257,0,0,0,0,0
OTU_0056,0,0,0.00686947988223749,0,0,0,0,0,0,0,0,0
OTU_0057,0,0,0,0,0,0.00099009900990099,0,0,0,0,0,0
OTU_0058,0.0430733410942957,0,0.00490677134445535,0,0,0.00297029702970297,0,0,0,0,0.00838222967309304,0
OTU_0059,0,0,0.00196270853778214,0,0,0,0,0,0,0,0,0
OTU_0060,0.00465657741559953,0,0,0.0147954743255004,0,0.00495049504950495,0,0,0,0,0,0
OTU_0061,0,0.00686106346483705,0,0,0,0,0,0,0,0,0,0
OTU_0062,0,0,0,0,0,0.00198019801980198,0,0,0,0,0,0.00642496558054153
OTU_0063,0,0,0.00883218842001963,0,0,0.00099009900990099,0,0,0,0,0.000838222967309304,0
OTU_0064,0.00116414435389988,0,0.00196270853778214,0,0,0,0,0,0,0,0,0
OTU_0065,0.00116414435389988,0,0,0,0,0,0,0,0,0,0,0
OTU_0066,0,0,0,0,0,0,0,0.00439634764964491,0,0,0,0.00504818724185406
OTU_0067,0,0,0,0,0,0.00297029702970297,0.000265111346765642,0,0,0,0,0.00137677833868747
OTU_0068,0,0,0.00196270853778214,0,0,0,0.00212089077412513,0,0,0,0.00838222967309304,0
OTU_0069,0,0,0,0,0,0,0,0.000338180588434224,0,0,0,0
OTU_0070,0,0,0,0,0,0,0,0,0,0,0.00251466890192791,0
OTU_0071,0,0,0,0.000870322019147084,0,0.00198019801980198,0,0,0,0,0,0
OTU_0072,0.00116414435389988,0,0,0,0,0.00198019801980198,0,0,0,0,0,0
OTU_0073,0,0,0.00098135426889107,0,0,0.00495049504950495,0.00159066808059385,0,0,0,0.00167644593461861,0
OTU_0074,0.00232828870779977,0,0.00196270853778214,0,0,0.00099009900990099,0,0,0,0,0.000838222967309304,0
OTU_0075,0,0,0,0,0,0.00099009900990099,0,0,0,0,0,0
OTU_0076,0.00582072176949942,0,0.00294406280667321,0.00174064403829417,0,0.00396039603960396,0,0,0,0,0.00335289186923722,0
OTU_0077,0,0,0,0,0,0,0,0,0,0.00133689839572193,0,0
OTU_0078,0,0,0,0,0,0.00297029702970297,0,0,0,0,0,0
OTU_0079,0,0,0,0,0.00318268618714195,0.00099009900990099,0.00132555673382821,0,0,0,0,0
OTU_0080,0,0,0.00098135426889107,0,0,0,0,0,0,0,0,0
OTU_0081,0,0,0,0,0.0763844684914067,0,0,0,0.0137493389740878,0.000445632798573975,0,0.0133088572739789
OTU_0082,0.00232828870779977,0,0,0,0,0,0,0,0,0,0,0
OTU_0083,0,0.00171526586620926,0,0,0,0,0,0,0,0,0,0
OTU_0084,0,0,0.00098135426889107,0,0.00127307447485678,0,0,0,0,0,0,0.00137677833868747
OTU_0085,0,0,0,0,0,0,0.000530222693531283,0,0.00370174510840825,0,0,0
OTU_0086,0,0,0.00294406280667321,0,0,0,0,0,0,0,0,0
OTU_0087,0.00116414435389988,0,0,0,0,0.00099009900990099,0,0,0,0,0,0
OTU_0088,0.00349243306169965,0,0.00098135426889107,0,0,0,0,0,0.000528820729772607,0,0,0
OTU_0089,0,0,0.00098135426889107,0,0,0,0.000530222693531283,0,0,0,0,0
OTU_0090,0,0.00857632933104631,0,0,0,0,0,0,0,0,0,0
OTU_0091,0,0,0,0,0,0,0.000265111346765642,0,0,0,0.00167644593461861,0
OTU_0092,0,0,0.00588812561334642,0,0,0.00099009900990099,0,0,0,0,0,0
OTU_0093,0,0.00171526586620926,0,0,0,0,0,0,0,0,0,0
OTU_0094,0,0.00686106346483705,0,0,0,0,0,0,0,0,0,0
OTU_0095,0,0,0,0.000870322019147084,0,0,0.000265111346765642,0,0,0,0,0
OTU_0096,0,0,0,0,0,0,0.000795334040296925,0,0,0,0,0
OTU_0097,0,0,0,0,0,0.00297029702970297,0,0,0,0,0.00167644593461861,0
OTU_0098,0,0,0,0,0,0,0,0,0,0,0,0
OTU_0099,0,0,0,0,0,0,0,0,0,0,0.00502933780385583,0
OTU_0100,0,0.00171526586620926,0,0,0,0,0,0,0,0,0,0
OTU_0101,0,0,0,0,0,0,0.000530222693531283,0,0,0,0,0
OTU_0102,0,0,0,0,0,0,0.000530222693531283,0,0,0,0.000838222967309304,0
OTU_0103,0.00116414435389988,0.00171526586620926,0,0,0,0,0,0,0,0,0,0
OTU_0104,0,0.00171526586620926,0,0,0,0,0,0,0,0,0.00251466890192791,0
OTU_0105,0,0,0.00196270853778214,0,0,0.00396039603960396,0,0,0,0,0,0
OTU_0106,0,0.0102915951972556,0,0,0,0.00099009900990099,0,0,0.00264410364886304,0,0,0
OTU_0107,0,0,0,0,0,0,0,0,0.000528820729772607,0,0,0
OTU_0108,0.00116414435389988,0,0.00196270853778214,0,0,0.00099009900990099,0,0,0,0,0,0
OTU_0109,0,0,0,0,0.00318268618714195,0,0,0,0.00158646218931782,0,0,0.00504818724185406
OTU_0110,0.00232828870779977,0,0.00294406280667321,0,0,0,0,0,0,0,0,0
OTU_0111,0.00349243306169965,0,0.00785083415112856,0,0,0.00594059405940594,0,0,0,0,0,0
OTU_0112,0,0,0,0,0,0,0,0,0,0,0.00167644593461861,0
OTU_0113,0,0,0.00098135426889107,0,0,0,0,0,0,0,0,0
OTU_0114,0.00232828870779977,0,0,0,0,0,0,0,0,0,0,0
OTU_0115,0,0,0,0,0,0,0.000265111346765642,0,0,0,0.000838222967309304,0
OTU_0116,0,0.00514579759862779,0,0,0,0,0,0,0,0,0,0
OTU_0117,0,0,0,0,0,0,0,0,0,0,0.000838222967309304,0
OTU_0118,0,0,0,0,0,0.00198019801980198,0,0,0,0,0,0.000917852225791648
OTU_0119,0.00232828870779977,0,0,0,0,0,0,0,0,0,0,0
OTU_0120,0.00116414435389988,0,0,0,0,0,0,0,0,0,0,0.0018357044515833
OTU_0121,0,0.00514579759862779,0,0,0,0,0,0,0,0,0,0
OTU_0122,0,0,0,0,0,0,0,0,0,0,0,0.000917852225791648
OTU_0123,0,0,0,0,0.0063653723742839,0,0,0,0.00528820729772607,0,0,0.00137677833868747
OTU_0124,0,0,0,0.000870322019147084,0,0,0,0,0,0,0.000838222967309304,0
OTU_0125,0,0,0,0,0,0,0.00159066808059385,0,0,0,0.00586756077116513,0
OTU_0126,0,0,0,0,0,0.00198019801980198,0.000265111346765642,0,0,0,0,0
OTU_0127,0,0.00514579759862779,0,0,0,0,0,0,0,0,0.000838222967309304,0
OTU_0128,0,0,0,0,0,0,0,0,0.000528820729772607,0,0,0
OTU_0129,0,0,0,0,0.00063653723742839,0,0,0.0500507270882651,0,0,0,0.00367140890316659
OTU_0130,0,0,0,0,0,0,0,0,0,0,0,0.00321248279027077
OTU_0131,0,0,0,0.00174064403829417,0,0.00099009900990099,0,0,0,0,0,0.000458926112895824
OTU_0132,0,0,0,0,0,0,0,0,0,0.00089126559714795,0,0
OTU_0133,0,0.00514579759862779,0,0,0,0,0,0,0,0.00089126559714795,0,0
OTU_0134,0,0,0,0,0,0,0,0,0,0,0.000838222967309304,0
OTU_0135,0,0.00343053173241852,0,0,0,0,0,0,0,0,0,0
OTU_0136,0.00232828870779977,0,0.00196270853778214,0.00174064403829417,0,0,0,0,0,0,0,0
OTU_0137,0.00116414435389988,0,0,0,0,0.00099009900990099,0,0,0,0,0,0
OTU_0138,0,0,0,0,0,0,0,0,0,0,0,0
OTU_0139,0.00116414435389988,0,0,0,0,0,0,0,0,0,0,0
OTU_0140,0,0,0,0,0,0,0,0,0,0.00802139037433155,0,0
OTU_0141,0,0,0.00098135426889107,0,0,0,0,0,0,0,0,0
OTU_0142,0,0,0,0,0,0,0,0,0,0,0.000838222967309304,0
OTU_0143,0,0,0,0.000870322019147084,0,0,0,0,0,0,0,0
OTU_0144,0.00116414435389988,0,0,0,0,0,0,0,0,0,0,0
OTU_0145,0,0.00171526586620926,0,0,0,0,0,0,0,0,0,0
OTU_0146,0,0,0,0,0,0,0,0,0,0,0.00167644593461861,0
OTU_0147,0,0,0,0,0,0,0,0,0,0.0017825311942959,0,0
OTU_0148,0,0,0,0,0,0,0.00132555673382821,0,0,0,0,0
OTU_0149,0,0,0.00098135426889107,0,0,0,0,0,0,0,0,0
OTU_0150,0.00349243306169965,0,0,0,0,0,0,0,0,0,0,0
OTU_0151,0,0,0,0,0,0,0.00371155885471898,0,0,0,0,0
OTU_0152,0,0,0.00098135426889107,0,0,0,0,0,0,0,0,0
OTU_0153,0,0,0,0,0,0,0,0,0.00105764145954521,0,0,0
OTU_0154,0,0,0,0,0,0,0,0,0,0.00802139037433155,0,0
OTU_0155,0,0,0,0,0.00063653723742839,0,0,0,0,0,0,0
OTU_0156,0.00116414435389988,0,0,0,0,0,0,0,0,0,0,0
OTU_0157,0,0,0,0,0,0,0,0,0,0,0.000838222967309304,0
OTU_0158,0,0,0,0,0,0,0.000265111346765642,0,0,0,0,0
OTU_0159,0,0,0,0,0.00127307447485678,0,0,0,0,0,0,0
OTU_0160,0,0,0.00098135426889107,0,0,0,0,0,0,0,0,0
OTU_0161,0,0,0,0,0,0,0.00689289501590668,0,0,0,0,0.000458926112895824
OTU_0162,0,0,0.00098135426889107,0,0,0,0,0,0,0,0,0
OTU_0163,0.00116414435389988,0,0,0,0,0,0,0,0,0,0,0
OTU_0164,0,0,0,0.000870322019147084,0,0,0,0,0,0,0,0
OTU_0165,0,0,0,0.000870322019147084,0,0,0,0,0,0,0,0
OTU_0166,0,0,0,0,0,0.00099009900990099,0,0,0,0,0,0
OTU_0167,0,0,0,0,0,0,0,0,0,0,0,0.000458926112895824
OTU_0168,0,0,0,0,0,0,0.00397667020148462,0,0,0,0,0
OTU_0169,0,0.0205831903945112,0,0,0,0,0,0,0,0,0,0
OTU_0170,0,0,0,0,0,0,0,0,0.000528820729772607,0,0,0
OTU_0171,0.00116414435389988,0,0,0,0,0,0,0,0,0,0,0
OTU_0172,0,0.00171526586620926,0,0,0,0,0,0,0,0,0,0
OTU_0173,0,0,0,0,0,0,0,0,0,0.00267379679144385,0,0
OTU_0174,0,0,0,0,0,0,0,0,0,0,0,0.000917852225791648
OTU_0175,0.00116414435389988,0,0,0,0,0,0,0,0,0,0,0
OTU_0176,0,0,0,0,0,0.00099009900990099,0,0,0,0,0,0
OTU_0177,0,0,0,0,0,0.00099009900990099,0,0,0,0,0,0
OTU_0178,0,0.00171526586620926,0,0,0,0,0,0,0,0,0,0
OTU_0179,0,0,0,0,0,0,0.00371155885471898,0,0,0,0,0
OTU_0180,0.00116414435389988,0,0,0,0,0,0,0,0,0,0,0
OTU_0181,0,0,0,0,0,0.00099009900990099,0,0,0,0,0,0
OTU_0182,0,0,0,0,0.00063653723742839,0,0,0,0,0,0,0
OTU_0183,0,0,0,0,0,0,0,0.000338180588434224,0,0,0,0
OTU_0184,0,0,0,0,0,0,0,0,0,0,0.000838222967309304,0
OTU_0185,0,0,0.00196270853778214,0,0,0,0,0,0,0,0,0
OTU_0186,0,0,0,0,0,0,0.000265111346765642,0,0,0,0,0
OTU_0187,0,0,0,0,0,0.00693069306930693,0,0,0,0,0,0
OTU_0188,0,0,0,0,0,0.00099009900990099,0,0,0,0,0,0
OTU_0189,0,0,0,0.00174064403829417,0,0,0,0,0,0,0,0
OTU_0190,0,0,0,0,0,0,0.000265111346765642,0,0,0,0,0
OTU_0191,0,0,0.00196270853778214,0,0,0,0,0,0,0,0,0
OTU_0192,0,0,0,0,0,0.00198019801980198,0,0,0,0,0.00167644593461861,0
OTU_0193,0,0,0,0,0,0,0.000265111346765642,0,0,0,0,0
OTU_0194,0,0,0,0,0,0,0.000265111346765642,0,0,0,0,0
OTU_0195,0.00116414435389988,0,0,0,0,0,0,0,0,0,0,0
OTU_0196,0,0,0,0,0,0.00099009900990099,0,0,0,0,0,0
OTU_0197,0,0,0,0.00174064403829417,0,0,0,0,0,0,0,0
OTU_0198,0.00116414435389988,0,0,0,0,0,0,0,0,0,0,0
OTU_0199,0,0,0,0,0.00254614894971356,0,0,0,0,0,0,0
OTU_0200,0,0,0,0,0,0,0,0,0,0.00222816399286988,0,0
OTU_0201,0,0,0,0,0,0,0,0.000676361176868448,0,0,0,0
OTU_0202,0,0,0,0.00174064403829417,0,0,0,0,0,0,0,0
OTU_0203,0,0,0,0,0,0,0,0,0,0,0.00167644593461861,0
OTU_0204,0,0,0,0,0,0.00099009900990099,0,0,0,0,0,0
OTU_0205,0,0,0,0,0,0,0,0,0,0.0017825311942959,0,0
OTU_0206,0,0,0,0,0,0,0,0.000338180588434224,0,0,0,0
OTU_0207,0,0,0,0,0,0,0.00106044538706257,0,0,0,0,0
OTU_0208,0,0,0,0.000870322019147084,0,0,0,0,0,0,0,0
OTU_0209,0.00116414435389988,0,0,0,0,0,0,0,0,0,0,0
OTU_0210,0,0,0,0.000870322019147084,0,0,0,0,0,0,0,0
OTU_0211,0,0,0,0,0,0,0,0,0,0,0.00167644593461861,0
OTU_0212,0,0,0,0,0,0,0.000795334040296925,0,0,0,0,0
OTU_0213,0,0,0,0,0,0,0,0,0,0,0.000838222967309304,0
OTU_0214,0,0,0.00098135426889107,0,0,0,0,0,0,0,0,0
OTU_0215,0,0,0.00098135426889107,0,0,0,0,0,0,0,0,0
OTU_0216,0,0,0,0.000870322019147084,0,0,0,0,0,0,0,0
OTU_0217,0,0,0.00294406280667321,0,0,0,0,0,0,0,0,0
OTU_0218,0,0,0,0,0,0,0.00132555673382821,0,0,0,0,0
OTU_0219,0,0,0,0.000870322019147084,0,0,0,0,0,0,0,0
OTU_0220,0,0.00343053173241852,0,0,0,0,0,0,0,0,0,0
OTU_0221,0,0,0,0.000870322019147084,0,0,0,0,0,0,0,0
OTU_0222,0,0,0,0,0,0,0,0,0,0,0.000838222967309304,0
OTU_0223,0,0,0,0,0,0.00198019801980198,0,0,0,0,0,0
OTU_0224,0,0,0.00098135426889107,0,0,0,0,0,0,0,0,0
OTU_0225,0,0,0,0,0,0,0,0,0,0,0,0.000458926112895824
OTU_0226,0,0,0,0,0,0,0.000265111346765642,0,0,0,0,0
OTU_0227,0,0,0,0,0,0.00198019801980198,0,0,0,0,0,0
OTU_0228,0,0,0,0,0,0,0,0,0,0,0.00167644593461861,0
OTU_0229,0,0,0,0,0,0,0,0,0,0.00579322638146168,0,0
OTU_0230,0,0.00171526586620926,0,0,0,0,0,0,0,0,0,0
OTU_0231,0,0.00343053173241852,0,0,0,0,0,0,0,0,0,0
OTU_0232,0,0,0,0,0.00063653723742839,0,0,0,0,0,0,0
OTU_0233,0,0,0,0,0,0,0.000265111346765642,0,0,0,0,0
OTU_0234,0,0,0,0,0,0,0.00106044538706257,0,0,0,0,0
OTU_0235,0,0,0,0,0,0,0,0.000338180588434224,0,0,0,0
OTU_0236,0.00116414435389988,0,0,0,0,0,0,0,0,0,0,0
OTU_0237,0,0,0,0.000870322019147084,0,0,0,0,0,0,0,0
OTU_0238,0.00116414435389988,0,0,0,0,0,0,0,0,0,0.00167644593461861,0
OTU_0239,0,0,0,0,0,0.00099009900990099,0,0,0,0,0,0
OTU_0240,0,0,0,0,0,0,0,0,0,0.000445632798573975,0,0
OTU_0241,0,0,0,0,0,0.00099009900990099,0,0,0,0,0,0
OTU_0242,0,0,0,0,0,0,0,0,0,0.0209447415329768,0,0
OTU_0243,0,0.00171526586620926,0,0,0,0,0,0,0,0,0,0
OTU_0244,0,0.00171526586620926,0,0,0,0,0,0,0,0,0,0
OTU_0245,0,0,0,0.00261096605744125,0,0,0.00450689289501591,0,0,0,0,0
OTU_0246,0,0,0.00098135426889107,0,0,0,0,0,0,0,0,0
OTU_0247,0,0,0,0,0,0,0,0,0,0,0,0.000458926112895824
OTU_0248,0,0,0,0,0,0,0,0,0,0.000445632798573975,0,0
OTU_0249,0,0,0,0,0.00063653723742839,0,0,0,0,0,0,0
OTU_0250,0,0,0,0,0.00063653723742839,0,0,0,0,0,0,0.00275355667737494
OTU_0251,0,0,0,0,0,0,0,0,0,0.000445632798573975,0,0
OTU_0252,0,0,0,0,0,0,0,0,0,0,0.00251466890192791,0
OTU_0253,0,0,0,0,0,0,0,0,0,0,0.000838222967309304,0
OTU_0254,0,0,0,0,0,0,0.000265111346765642,0,0,0,0,0
OTU_0255,0,0.00171526586620926,0,0,0,0,0,0,0,0,0,0
OTU_0256,0,0,0,0,0,0,0.00106044538706257,0,0,0,0,0
OTU_0257,0,0.00171526586620926,0,0,0,0,0,0,0,0,0,0
OTU_0258,0,0.00171526586620926,0,0,0,0,0,0,0,0,0,0
OTU_0259,0,0,0,0,0,0,0,0,0,0,0,0.00826067003212483
OTU_0260,0,0,0,0.0147954743255004,0,0,0,0,0,0,0,0
OTU_0261,0,0,0,0,0,0,0,0,0,0,0.0100586756077117,0
OTU_0262,0,0,0,0.000870322019147084,0,0,0,0,0,0,0,0
OTU_0263,0,0.00857632933104631,0,0,0,0,0,0,0,0,0,0
OTU_0264,0,0,0,0,0,0.00297029702970297,0,0,0,0,0,0
OTU_0265,0,0,0,0.000870322019147084,0,0,0,0,0,0,0,0
OTU_0266,0,0,0.00098135426889107,0,0,0,0,0,0,0,0,0
OTU_0267,0,0,0,0.000870322019147084,0,0,0,0,0,0,0,0
OTU_0268,0,0,0,0,0,0,0,0,0,0,0.000838222967309304,0
OTU_0269,0,0,0,0,0,0,0,0,0,0,0.00251466890192791,0
OTU_0270,0,0,0,0,0.00127307447485678,0,0,0,0,0,0,0
OTU_0271,0,0,0,0.000870322019147084,0,0,0,0,0,0,0,0
OTU_0272,0.00116414435389988,0,0,0,0,0,0,0,0,0,0,0
OTU_0273,0,0,0,0,0,0,0,0,0,0,0.000838222967309304,0
OTU_0274,0,0,0,0,0,0,0,0,0.000528820729772607,0,0,0
OTU_0275,0,0,0,0,0,0,0.000530222693531283,0,0,0,0,0
OTU_0276,0,0,0,0.000870322019147084,0,0,0,0,0,0,0,0
OTU_0277,0,0,0,0,0,0,0.000265111346765642,0,0,0,0,0
OTU_0278,0,0,0,0,0,0.00099009900990099,0,0,0,0,0,0
OTU_0279,0,0,0,0,0,0,0.000530222693531283,0,0,0,0,0
OTU_0280,0,0,0,0,0,0,0.000265111346765642,0,0,0,0,0
OTU_0281,0,0,0,0,0,0,0.000265111346765642,0,0,0,0,0
OTU_0282,0,0,0,0,0,0,0,0,0,0.00311942959001783,0,0
OTU_0283,0,0,0,0,0,0,0,0,0,0,0.000838222967309304,0
OTU_0284,0,0,0,0,0,0,0.000795334040296925,0,0,0,0,0
OTU_0285,0,0.00171526586620926,0,0,0,0,0,0,0,0,0,0
OTU_0286,0.00116414435389988,0,0,0,0,0,0,0,0,0,0,0
OTU_0287,0,0,0,0,0,0,0.000530222693531283,0,0,0,0,0
OTU_0288,0,0,0,0,0,0,0,0,0,0,0.000838222967309304,0
OTU_0289,0,0,0,0,0,0,0.000265111346765642,0,0,0,0,0
OTU_0290,0,0.00343053173241852,0,0,0,0,0,0,0,0,0,0
OTU_0291,0,0,0,0,0,0,0,0,0,0,0,0.000458926112895824
OTU_0292,0,0,0,0.00174064403829417,0,0,0,0,0,0,0,0
OTU_0293,0.00116414435389988,0,0,0,0,0,0,0,0,0,0,0
OTU_0294,0,0,0,0,0,0,0.00132555673382821,0,0,0,0,0
OTU_0295,0,0,0,0,0,0,0,0,0,0,0.00419111483654652,0
OTU_0296,0,0,0,0.00261096605744125,0,0,0,0,0,0,0,0
OTU_0297,0,0,0,0,0.00127307447485678,0,0.00238600212089077,0,0,0,0,0
OTU_0298,0,0,0,0,0,0.00099009900990099,0,0,0,0,0,0
OTU_0299,0,0,0,0.000870322019147084,0,0,0,0,0,0,0,0
OTU_0300,0,0,0,0,0,0,0.000265111346765642,0,0,0,0,0
OTU_0301,0,0,0,0,0,0,0,0,0,0,0.000838222967309304,0
OTU_0302,0,0,0.00098135426889107,0,0,0,0,0,0,0,0,0
OTU_0303,0.00116414435389988,0,0,0,0,0,0,0,0,0,0,0
OTU_0304,0,0,0,0.000870322019147084,0,0,0,0,0,0,0,0
OTU_0305,0,0.00171526586620926,0,0,0,0,0,0,0,0,0,0
OTU_0306,0,0,0,0,0,0.00099009900990099,0,0,0,0,0,0
OTU_0307,0,0,0,0,0,0.00099009900990099,0,0,0,0,0,0
OTU_0308,0,0,0,0,0,0,0,0,0,0.00267379679144385,0,0
OTU_0309,0,0,0,0,0,0,0.000265111346765642,0,0,0,0,0
OTU_0310,0,0.00171526586620926,0,0,0,0,0,0,0,0,0,0
OTU_0311,0,0,0,0,0,0,0.000795334040296925,0,0,0,0,0
OTU_0312,0,0,0,0.000870322019147084,0,0,0,0,0,0,0,0
OTU_0313,0,0,0,0,0,0,0.00238600212089077,0,0,0,0,0
OTU_0314,0,0,0,0,0,0,0.000530222693531283,0,0,0,0,0
OTU_0315,0,0,0,0,0,0,0.000265111346765642,0,0,0,0,0
OTU_0316,0,0,0,0,0.00063653723742839,0,0,0,0,0,0,0
OTU_0317,0,0,0,0,0,0.00099009900990099,0,0,0,0,0,0
OTU_0318,0,0,0,0,0,0,0.00106044538706257,0,0,0,0,0
OTU_0319,0,0,0.00098135426889107,0,0,0,0,0,0,0,0,0
OTU_0320,0,0.00171526586620926,0,0,0,0,0,0,0,0,0,0
OTU_0321,0,0,0,0,0,0,0,0,0,0.00089126559714795,0,0
OTU_0322,0,0,0,0,0,0,0,0,0,0,0.000838222967309304,0
OTU_0323,0,0,0,0,0,0,0,0,0,0.000445632798573975,0,0
OTU_0324,0,0,0.00098135426889107,0,0,0,0,0,0,0,0,0
OTU_0325,0,0,0,0.000870322019147084,0,0,0,0,0,0,0,0
OTU_0326,0,0.00171526586620926,0,0,0,0,0,0,0,0,0,0
OTU_0327,0,0,0,0,0.00063653723742839,0,0,0,0,0,0,0
OTU_0328,0,0,0,0,0,0.00198019801980198,0,0,0,0,0,0
OTU_0329,0,0,0,0,0.00127307447485678,0,0.000795334040296925,0,0,0,0,0
OTU_0330,0,0,0.00196270853778214,0,0,0,0,0,0,0,0,0
OTU_0331,0,0.00171526586620926,0,0,0,0,0,0,0,0,0,0
OTU_0332,0,0,0,0,0,0,0.000265111346765642,0,0,0,0,0
OTU_0333,0,0.00171526586620926,0,0,0,0,0,0,0,0,0,0
OTU_0334,0,0,0,0,0,0.00198019801980198,0,0,0,0,0,0
OTU_0335,0,0,0,0,0.00063653723742839,0,0,0,0,0,0,0.000917852225791648
OTU_0336,0,0.00171526586620926,0,0,0,0,0,0,0,0,0,0
OTU_0337,0,0,0,0,0,0,0,0,0,0.000445632798573975,0,0
OTU_0338,0,0,0,0.00174064403829417,0,0,0,0,0,0,0,0
OTU_0339,0,0,0,0,0,0,0,0,0,0,0,0.000458926112895824
OTU_0340,0,0,0,0,0,0,0,0,0,0,0.000838222967309304,0
OTU_0341,0,0,0,0,0,0,0,0,0,0,0.000838222967309304,0
OTU_0342,0,0,0.00196270853778214,0,0,0,0,0,0,0,0,0
OTU_0343,0,0,0,0,0,0,0,0,0,0,0.000838222967309304,0
OTU_0344,0,0,0,0,0,0,0,0,0,0.00445632798573975,0,0
OTU_0345,0,0,0,0,0,0.00198019801980198,0,0,0,0,0,0
OTU_0346,0,0,0,0.000870322019147084,0,0,0,0,0,0,0,0
OTU_0347,0,0,0,0,0.00127307447485678,0,0,0,0,0,0,0
OTU_0348,0,0,0,0,0,0,0,0,0,0.00133689839572193,0,0
OTU_0349,0,0,0,0,0,0,0,0,0.000528820729772607,0,0,0
OTU_0350,0,0,0,0,0,0,0,0,0.00158646218931782,0,0,0
OTU_0351,0,0,0,0,0.00318268618714195,0,0,0,0.000528820729772607,0,0,0
OTU_0352,0,0,0,0.00348128807658834,0,0,0,0,0,0,0,0
OTU_0353,0,0,0,0,0,0,0.00344644750795334,0,0,0,0,0
OTU_0354,0,0,0,0,0,0.00099009900990099,0,0,0,0,0,0
OTU_0355,0,0,0,0,0,0.00099009900990099,0,0,0,0,0,0
OTU_0356,0.00116414435389988,0,0,0,0,0,0,0,0,0,0,0
OTU_0357,0,0,0,0,0,0.00099009900990099,0,0,0,0,0,0
OTU_0358,0,0,0,0,0,0,0,0,0,0.0035650623885918,0,0
OTU_0359,0,0,0,0,0,0,0.000265111346765642,0,0,0,0,0
OTU_0360,0,0,0,0,0,0,0,0.000338180588434224,0,0,0,0
OTU_0361,0,0,0,0,0,0,0.000795334040296925,0,0,0,0,0
OTU_0362,0,0,0,0.000870322019147084,0,0,0,0,0,0,0,0
OTU_0363,0,0.00171526586620926,0,0,0,0,0,0,0,0,0,0
OTU_0364,0,0,0,0,0,0.00099009900990099,0,0,0,0,0,0
OTU_0365,0,0.00171526586620926,0,0,0,0,0,0,0,0,0,0
OTU_0366,0.00116414435389988,0,0,0,0,0,0,0,0,0,0,0
OTU_0367,0,0,0,0,0,0.00099009900990099,0,0,0,0,0,0
OTU_0368,0,0,0,0,0,0,0,0.000338180588434224,0,0,0,0
OTU_0369,0,0,0,0.000870322019147084,0,0,0,0,0,0,0,0
OTU_0370,0,0,0.00098135426889107,0,0,0,0,0,0,0,0,0
OTU_0371,0,0,0,0,0,0,0,0,0,0,0.000838222967309304,0
OTU_0372,0,0,0,0,0,0,0,0,0,0,0.000838222967309304,0
OTU_0373,0,0,0.00098135426889107,0,0,0,0,0,0,0,0,0
OTU_0374,0,0,0,0,0,0,0,0,0,0,0.00167644593461861,0
OTU_0375,0,0.00171526586620926,0,0,0,0,0,0,0,0,0,0
OTU_0376,0,0.00171526586620926,0,0,0,0,0,0,0,0,0,0
OTU_0377,0,0,0,0,0,0,0.000530222693531283,0,0,0,0,0
OTU_0378,0,0.00171526586620926,0,0,0,0,0,0,0,0,0,0
OTU_0379,0,0,0,0,0,0,0,0,0,0,0.00167644593461861,0
OTU_0380,0,0,0,0,0,0,0.000795334040296925,0,0,0,0,0
OTU_0381,0,0,0,0,0,0,0,0,0,0,0.000838222967309304,0
OTU_0382,0,0,0,0,0,0,0.00106044538706257,0,0,0,0,0
OTU_0383,0,0,0,0,0,0,0,0,0,0.00401069518716578,0,0
OTU_0384,0,0,0.00098135426889107,0,0,0,0,0,0,0,0,0
OTU_0385,0,0,0,0,0,0,0.00185577942735949,0,0,0,0,0
OTU_0386,0,0,0,0,0,0,0.000265111346765642,0,0,0,0,0
OTU_0387,0,0,0,0,0,0,0.017762460233298,0,0,0,0,0
OTU_0388,0.00116414435389988,0,0,0,0,0,0,0,0,0,0,0
OTU_0389,0,0.00171526586620926,0,0,0,0,0,0,0,0,0,0
OTU_0390,0,0.00171526586620926,0,0,0,0,0,0,0,0,0,0
OTU_0391,0,0,0,0,0,0.00198019801980198,0.000530222693531283,0,0,0,0,0
OTU_0392,0,0,0,0,0,0,0.000265111346765642,0,0,0,0,0
OTU_0393,0,0,0,0,0,0,0.000265111346765642,0,0,0,0,0
OTU_0394,0,0,0,0,0,0.00099009900990099,0,0,0,0,0,0
OTU_0395,0,0,0,0,0,0.00099009900990099,0,0,0,0,0,0
OTU_0396,0,0,0,0.000870322019147084,0,0,0,0,0,0,0,0
OTU_0397,0,0,0,0,0,0,0,0.000338180588434224,0,0,0,0
OTU_0398,0,0,0,0,0.00063653723742839,0,0,0,0,0,0,0
OTU_0399,0,0.00171526586620926,0,0,0,0,0.000795334040296925,0,0,0,0,0
OTU_0400,0,0,0,0.00174064403829417,0,0,0,0,0,0,0,0
OTU_0401,0,0,0,0.00174064403829417,0,0,0,0,0,0,0,0
OTU_0402,0,0,0,0,0,0,0,0,0,0.00133689839572193,0,0
OTU_0403,0,0,0,0,0,0,0,0,0,0.00222816399286988,0,0
OTU_0404,0,0,0,0.000870322019147084,0,0,0,0,0,0,0,0
OTU_0405,0,0,0,0,0,0,0.000795334040296925,0,0,0,0,0
OTU_0406,0,0,0,0,0,0,0,0,0,0,0.000838222967309304,0
OTU_0407,0,0,0,0,0,0,0.000265111346765642,0,0,0,0,0
OTU_0408,0,0,0,0,0,0,0,0,0,0,0,0.000458926112895824
OTU_0409,0,0,0,0,0,0.00099009900990099,0,0,0,0,0,0
OTU_0410,0,0,0,0,0,0,0,0.00101454176530267,0,0,0,0
OTU_0411,0,0.00343053173241852,0,0,0,0,0,0,0,0,0,0
OTU_0412,0,0.00171526586620926,0,0,0,0,0,0,0,0,0,0
OTU_0413,0,0,0,0,0.00063653723742839,0,0,0,0,0,0,0
OTU_0414,0,0,0,0,0,0,0.00132555673382821,0,0,0,0,0
OTU_0415,0,0,0,0,0,0,0,0,0,0,0,0.00137677833868747
OTU_0416,0,0.00171526586620926,0,0,0,0,0,0,0,0,0,0
OTU_0417,0,0,0,0,0,0,0,0.000338180588434224,0,0,0,0
OTU_0418,0,0,0,0,0,0,0.000530222693531283,0,0,0,0,0
OTU_0419,0,0,0.00392541707556428,0,0,0,0,0,0,0,0,0
OTU_0420,0,0,0,0,0,0,0.00106044538706257,0,0,0,0,0
OTU_0421,0,0,0,0,0,0,0.000265111346765642,0,0,0,0,0
OTU_0422,0,0.00171526586620926,0,0,0,0,0,0,0,0,0,0
OTU_0423,0,0.00343053173241852,0,0,0,0,0,0,0,0,0,0
OTU_0424,0,0.00343053173241852,0,0,0,0,0,0,0,0,0,0
OTU_0425,0,0,0,0,0,0,0.00132555673382821,0,0,0,0,0
OTU_0426,0,0,0,0,0,0.00198019801980198,0,0,0,0,0,0
OTU_0427,0,0,0,0,0,0,0,0,0,0.00222816399286988,0,0
OTU_0428,0,0.00171526586620926,0,0,0,0,0,0,0,0,0,0
OTU_0429,0,0,0,0,0,0,0,0,0,0,0.000838222967309304,0
OTU_0430,0,0,0,0,0,0,0,0,0,0.000445632798573975,0,0
OTU_0431,0.00116414435389988,0,0,0,0,0,0,0,0,0,0,0
OTU_0432,0,0,0,0,0,0,0,0,0,0.00133689839572193,0,0
OTU_0433,0,0,0,0,0,0.00099009900990099,0,0,0,0,0,0
OTU_0434,0,0,0,0.000870322019147084,0,0,0,0,0,0,0,0
OTU_0435,0,0,0,0,0,0,0,0,0,0.00222816399286988,0,0
OTU_0436,0,0,0,0.000870322019147084,0,0,0,0,0,0,0,0
OTU_0437,0,0,0,0,0,0,0,0,0,0,0.00251466890192791,0
OTU_0438,0,0,0,0,0,0,0,0,0,0,0.000838222967309304,0
OTU_0439,0,0,0,0,0.00381922342457034,0,0,0,0,0,0,0.00137677833868747
OTU_0440,0,0,0,0,0,0,0,0,0,0,0,0.0018357044515833
OTU_0441,0.00116414435389988,0,0,0,0,0,0,0,0,0,0,0
OTU_0442,0.00232828870779977,0,0,0,0,0,0,0,0,0,0,0
OTU_0443,0,0,0,0,0,0,0,0,0,0.000445632798573975,0,0
OTU_0444,0,0,0,0.000870322019147084,0,0,0,0,0,0,0,0
OTU_0445,0.00349243306169965,0,0,0,0,0,0,0,0,0,0,0
OTU_0446,0,0,0,0,0,0,0,0,0,0.00623885918003565,0,0
OTU_0447,0,0,0,0,0,0,0,0,0,0.0017825311942959,0,0
OTU_0448,0,0,0.00098135426889107,0,0,0,0,0,0,0,0,0
OTU_0449,0,0,0,0,0,0,0.000530222693531283,0,0,0,0,0
OTU_0450,0,0.00343053173241852,0,0,0,0,0,0,0,0,0,0
OTU_0451,0,0.00171526586620926,0,0,0,0,0,0,0,0,0,0
OTU_0452,0,0,0.00098135426889107,0,0,0,0,0,0,0,0,0
OTU_0453,0,0,0.00196270853778214,0,0,0,0,0,0,0,0,0
OTU_0454,0,0,0,0,0,0,0,0,0,0,0.00335289186923722,0
OTU_0455,0,0,0,0,0,0.00099009900990099,0,0,0,0,0,0
OTU_0456,0,0,0,0,0,0,0,0,0,0.0017825311942959,0,0
OTU_0457,0,0,0,0.000870322019147084,0,0,0,0,0,0,0,0
OTU_0458,0,0,0,0,0,0,0,0,0,0,0.00167644593461861,0
OTU_0459,0,0,0,0,0,0.00297029702970297,0,0,0,0,0,0
OTU_0460,0,0,0.00098135426889107,0,0,0,0,0,0,0,0,0
OTU_0461,0,0.0102915951972556,0,0,0,0,0,0,0,0,0,0
OTU_0462,0,0,0,0,0,0,0,0,0,0,0.000838222967309304,0
OTU_0463,0,0,0,0,0,0,0,0,0,0.00445632798573975,0,0
OTU_0464,0,0,0,0,0,0,0.00821845174973489,0,0,0,0,0
OTU_0465,0,0,0,0,0,0,0,0,0,0.000445632798573975,0,0
OTU_0466,0,0,0,0,0,0,0,0,0,0,0.000838222967309304,0
